[{"code":"","color":"#FF9C27B0","name":"Created By Sketch Store Yt","typeName":"","palette":"9","type":"h","spec":"Created By Sketch Store Yt"},{"code":"final AlertDialog dialog \u003d new AlertDialog.Builder(%1$s.this).create();\r\nView inflate \u003d getLayoutInflater().inflate(R.layout.%2$s,null); \ndialog.getWindow().setBackgroundDrawableResource(android.R.color.transparent);\ndialog.setView(inflate);","color":"#FF9C27B0","name":"View AlertDialog","typeName":"","palette":"9","type":" ","spec":"AlertdDialog Screen %m.activity infliate to %m.customViews"},{"code":"dialog.setCancelable(%1$s);","color":"#FF9C27B0","name":"AlertDialog Cancelable","typeName":"","palette":"9","type":" ","spec":"AlertDialog Cancelable  %b "},{"code":"LinearLayout %1$s \u003d (LinearLayout) inflate.findViewById(R.id.%1$s);","color":"#FF9C27B0","name":"Find LinearLayout","typeName":"","palette":"9","type":" ","spec":"LinearLayout ID  %s.inputOnly "},{"code":"EditText %1$s \u003d (EditText) \ninflate.findViewById(R.id.%1$s);","color":"#FF9C27B0","name":"Find Edittexts","typeName":"","palette":"9","type":" ","spec":"EditText ID %s.inputOnly "},{"code":"ImageView %1$s \u003d (ImageView) inflate.findViewById(R.id.%1$s);","color":"#FF9C27B0","name":"Find Images","typeName":"","palette":"9","type":" ","spec":"Imageview ID %s.inputOnly "},{"code":"TextView %1$s \u003d (TextView) inflate.findViewById(R.id.%1$s);\n%1$s.setText(%2$s);","color":"#FF9C27B0","name":"Find TextView","typeName":"","palette":"9","type":" ","spec":"Set Textview  ID  %s.inputOnly   Set Value  %s "},{"code":"Button %1$s \u003d (Button)\ninflate.findViewById(R.id.%1$s);\n%1$s.setText(%2$s);","color":"#FF9C27B0","name":"Find Buttons","typeName":"","palette":"9","type":" ","spec":"Button ID  %s.inputOnly  Set Value  %s "},{"code":"%1$s.getText().toString()","color":"#FF9C27B0","name":"Get Values","typeName":"","palette":"9","type":"s","spec":"%s.inputOnly  Get Value"},{"code":"%1$s.setOnClickListener(new View.OnClickListener(){ public void onClick(View v){\n%2$s\n}\n});","color":"#FF9C27B0","name":"When Click ","typeName":"","palette":"9","type":"c","spec":"When %s.inputOnly  Clicked"},{"code":"dialog.dismiss();","color":"#FF9C27B0","name":"Dialog Dismiss","typeName":"","palette":"9","type":" ","spec":"AlertDialog Dismiss"},{"code":"dialog.show();","color":"#FF9C27B0","name":"Dialog Show","typeName":"","palette":"9","type":" ","spec":"AlertDialog Show"}]