[{"code":"","color":"#FFE91E63","name":"detail","typeName":"","palette":"19","type":"h","spec":"cute toast  block by abzero"},{"code":"","color":"#FFE91E63","name":"cute ineed these","typeName":"","palette":"19","type":"h","spec":"i need these  CuteToast_V_1.2  liberary"},{"code":"CuteToast.ct(%1$s.this, %4$s, CuteToast.%3$s, CuteToast.%2$s, true).show();","color":"#FFE91E63","name":"default","typeName":"","palette":"19","type":" ","spec":"cute defult icon %m.activity  style %m.style  length %m.length  message %s "},{"code":"CuteToast.ct(%1$s.this, %4$s, CuteToast.%3$s, CuteToast.%2$s, R.drawable.%5$s).show();","color":"#FFE91E63","name":"with icon","typeName":"","palette":"19","type":" ","spec":"ccte custom icon %m.activity  style %m.style  length %m.length  message %s  icon %m.resource  "},{"code":"","color":"#FFE91E63","name":"cute style","typeName":"","palette":"19","type":"h","spec":"styls"},{"code":"SUCCESS","color":"#FF00C853","name":"cute SUCCESS","typeName":"style","palette":"19","type":"v","spec":"SUCCESS"},{"code":"WARN","color":"#FFFFAB00","name":"cute WARN","typeName":"style","palette":"19","type":"v","spec":"WARNING"},{"code":"ERROR","color":"#FFD50000","name":"cute ERROR","typeName":"style","palette":"19","type":"v","spec":"ERROR"},{"code":"INFO","color":"#FF2979FF","name":"cute INFO","typeName":"style","palette":"19","type":"v","spec":"INFO"},{"code":"CONFUSE","color":"#FFE91E63","name":"cute CONFUSE","typeName":"style","palette":"19","type":"v","spec":"CONFUSE"},{"code":"HAPPY","color":"#FFE91E63","name":"cute HAPPY","typeName":"style","palette":"19","type":"v","spec":"HAPPY"},{"code":"SAD","color":"#FFE91E63","name":"cute SAD","typeName":"style","palette":"19","type":"v","spec":"SAD"},{"code":"DELETE","color":"#FFE91E63","name":"cute DELETE","typeName":"style","palette":"19","type":"v","spec":"DELETE"},{"code":"SAVE","color":"#FFE91E63","name":"cute SAVE","typeName":"style","palette":"19","type":"v","spec":"SAVE"},{"code":"NORMAL","color":"#FFE91E63","name":"cute NORMAL","typeName":"style","palette":"19","type":"v","spec":"NORMAL"},{"code":"","color":"#FFE91E63","name":"cute lengrh","typeName":"","palette":"19","type":"h","spec":"length "},{"code":"LENGTH_SHORT","color":"#FFE91E63","name":"cute short","typeName":"length","palette":"19","type":"v","spec":"SHORT"},{"code":"LENGTH_LONG","color":"#FFE91E63","name":"cute long","typeName":"length","palette":"19","type":"v","spec":"LONG"}]