[{"code":"","color":"#FF1976D2","name":"by....","typeName":"","palette":"13","type":"h","spec":"BY ARAB WARE CHANNEL"},{"code":"getWindow().getDecorView().setSystemUiVisibility(%1$s);","color":"#FF1976D2","name":"setWindowProperties","typeName":"","palette":"13","type":" ","spec":"set application properties %m.design"},{"code":"%1$s | %2$s","color":"#FF1976D2","name":"design","typeName":"design","palette":"13","type":"v","spec":"%m.design and %m.design"},{"code":"View.SYSTEM_UI_FLAG_HIDE_NAVIGATION | View.SYSTEM_UI_FLAG_IMMERSIVE_STICKY","color":"#FF1976D2","name":"hide navigation bar","typeName":"design","palette":"13","type":"v","spec":"hide navigation bar"},{"code":"View.SYSTEM_UI_FLAG_SHOW_NAVIGATION","color":"#FF1976D2","name":"show navigation bar","typeName":"design","palette":"13","type":"v","spec":"show navigation bar"},{"code":"View.SYSTEM_UI_FLAG_LIGHT_STATUS_BAR","color":"#FF1976D2","name":"light status bar","typeName":"design","palette":"13","type":"v","spec":"light status bar"},{"code":"_fab.setVisibility(View.VISIBLE);","color":"#FF1976D2","name":"FAB SHOW","typeName":"","palette":"13","type":" ","spec":"Show FAB"},{"code":"_fab.setVisibility(View.GONE);","color":"#FF1976D2","name":"FAB HIDE","typeName":"","palette":"13","type":" ","spec":"HIDE FAB"},{"code":"if (Build.VERSION.SDK_INT \u003e\u003d Build.VERSION_CODES.KITKAT) { Window w \u003d getWindow();  w.setFlags(WindowManager.LayoutParams.FLAG_LAYOUT_NO_LIMITS, WindowManager.LayoutParams.FLAG_LAYOUT_NO_LIMITS); };","color":"#FF1976D2","name":"Bars Hide","typeName":"","palette":"13","type":" ","spec":"Make Navigation and status bar transparent"},{"code":"if (Build.VERSION.SDK_INT \u003e\u003d Build.VERSION_CODES.LOLLIPOP) {\ngetWindow().addFlags(WindowManager.LayoutParams.FLAG_DRAWS_SYSTEM_BAR_BACKGROUNDS).setStatusBarColor(%1$s);\n}","color":"#FF1976D2","name":"setStatusBarColor","typeName":"","palette":"13","type":" ","spec":"setStatusBarColor %m.color"}]