[{"code":"true","color":"#FFE91E63","name":"True Bealoon","typeName":"","palette":"20","type":"b","spec":"true"},{"code":"false","color":"#FFE91E63","name":"False Bealoon","typeName":"","palette":"20","type":"b","spec":"false"},{"code":"dismiss();","color":"#FFE91E63","name":"DailogFragment Dismiss","typeName":"Bismilla","palette":"20","type":" ","spec":"DialogFragmentDismiss"},{"code":"setCancelable(%1$s);","color":"#FFE91E63","name":"DailogFragment setCancelable","typeName":"Bismilla","palette":"20","type":" ","spec":"setCancelable%b"},{"code":"%1$s d \u003d new %1$s();\r\nd.show( getSupportFragmentManager(),\"\");","color":"#FFE91E63","name":"ShowDailogFragment","typeName":"Bismilla","palette":"20","type":" ","spec":"selectDailogFragment%m.activity to ShowDialog"},{"code":"getDialog().requestWindowFeature(Window.FEATURE_NO_TITLE);\r\ngetDialog().getWindow().setBackgroundDrawable(new android.graphics.drawable.ColorDrawable(Color.TRANSPARENT));","color":"#FFE91E63","name":"setTransparentDailogFragment","typeName":"","palette":"20","type":" ","spec":"setTransparentDailogFragment [ Use OnCreate ]"},{"code":"ViewGroup.LayoutParams params \u003d getDialog().getWindow().getAttributes();\nparams.width \u003d LinearLayout.LayoutParams.MATCH_PARENT;\nparams.height \u003d LinearLayout.LayoutParams.MATCH_PARENT;\ngetDialog().getWindow().setAttributes((android.view.WindowManager.LayoutParams) params);","color":"#FFE91E63","name":"setFullScreenDailogFragment","typeName":"","palette":"20","type":" ","spec":"setFullScreenDailogFragment [ Use OnStart ]"},{"code":"ViewGroup.LayoutParams params \u003d getDialog().getWindow().getAttributes();\nparams.width \u003d LinearLayout.LayoutParams.MATCH_PARENT;\nparams.height \u003d LinearLayout.LayoutParams.WRAP_CONTENT;\ngetDialog().getWindow().setAttributes((android.view.WindowManager.LayoutParams) params);","color":"#FFE91E63","name":"setHeightWrapContentDailogFragment ","typeName":"","palette":"20","type":" ","spec":"setHeightWrapContentDailogFragment [ Use OnStart ]"},{"code":"ViewGroup.LayoutParams params \u003d getDialog().getWindow().getAttributes();\nparams.width \u003d LinearLayout.LayoutParams.WRAP_CONTENT;\nparams.height \u003d LinearLayout.LayoutParams.MATCH_PARENT;\ngetDialog().getWindow().setAttributes((android.view.WindowManager.LayoutParams) params);","color":"#FFE91E63","name":"setWidthWrapContentDailogFragment","typeName":"","palette":"20","type":" ","spec":"setWidthWrapContentDailogFragment [ Use OnStart ]"},{"code":"","color":"#FFE91E63","name":"Loading Dialog Fragment","typeName":"","palette":"20","type":"p","spec":"Menu Of LoadingDailogFragment Details Given Below"},{"code":"%2$s\n%1$s d \u003d new %1$s();\r\nd.show( getSupportFragmentManager(),\"\");","color":"#FFE91E63","name":"CreateLoadingDailogFragment","typeName":"","palette":"20","type":"c","spec":"CreateLoadingDailogFragment%m.activity"},{"code":"DialogFragmentValue.edit().putString(\"LoadingDailogFragmentTitle\", %1$s).commit();","color":"#FFE91E63","name":"LoadingDailogFragment Title","typeName":"","palette":"20","type":" ","spec":"AddLoadingDailogFragmentTitle%s"},{"code":"DialogFragmentValue.edit().putString(\"LoadingDailogFragmentContent\", %1$s).commit();","color":"#FFE91E63","name":"LoadingDailogFragment Content","typeName":"","palette":"20","type":" ","spec":"AddLoadingDailogFragmentContent%s"},{"code":"%1$s.setText(DialogFragmentValue.getString(\"LoadingDailogFragmentTitle\", \"\"));","color":"#FFE91E63","name":"LoadingDailogFragment Title AddValue","typeName":"","palette":"20","type":" ","spec":"LoadingDailogFragment Title AddValue to %m.textview"},{"code":"%1$s.setText(DialogFragmentValue.getString(\"LoadingDailogFragmentContent\", \"\"));","color":"#FFE91E63","name":"LoadingDailogFragment Content AddValue","typeName":"","palette":"20","type":" ","spec":"LoadingDailogFragment Content AddValue to %m.textview"}]