[{"code":"credit by - Android sketchware master channel - https://youtube.com/@ANDROID_SKETCHWARE_MASTER\n\n telegram - @ANDROID_SKETCHWARE_MASTER\n\n It is made with care and free for you. It is for use only. Do not try to take credit for it. Credit only to this channel\n youtube.com/@ANDROID_SKETCHWARE_MASTER. * Code, block, name will not change.","color":"#FF9C27B0","name":"MASTER-MLBB DIALOG","palette":"16","type":"h","spec":"CREATE BY-ANDROID SKETCHWIRE MASTER ✅"},{"code":"/**/","color":"#FF9C27B0","name":"MLBB Dialog Blocks by Exodus","typeName":"","palette":"16","type":"h","spec":"MLBB Dialog Blocks by Exodus"},{"code":"%s","color":"#FF9C27B0","name":"mLBBDialog: Variable","typeName":"MLBBDialog","palette":"16","type":"v","spec":"MLBBDialog: %s.inputOnly "},{"code":"\"NEW\"","color":"#FF9C27B0","name":"new","typeName":"","palette":"16","type":"s","spec":"NEW"},{"code":"\"OLD\"","color":"#FF9C27B0","name":"old","typeName":"","palette":"16","type":"s","spec":"OLD"},{"code":"MLBBDialogBuilder %1$s \u003d new MLBBDialogBuilder(%2$s.this, %3$s);\n%4$s\n%1$s.build().show();","color":"#FF9C27B0","name":"mLBBDialog: Builder","typeName":"","palette":"16","type":"c","spec":"%m.MLBBDialog to %m.activity type %s"},{"code":"%1$s.setTitle(%2$s);","color":"#FF9C27B0","name":"mLBBDialog: setTitle","typeName":"","palette":"16","type":" ","spec":"%m.MLBBDialog setTitle %s"},{"code":"%1$s.setSubtitle(%2$s);","color":"#FF9C27B0","name":"mLBBDialog: setMessage","typeName":"","palette":"16","type":" ","spec":"%m.MLBBDialog setMessage %s"},{"code":"%1$s.setFont(Typeface.createFromAsset(getAssets(),\"fonts/%2$s.ttf\"));","color":"#FF9C27B0","name":"mLBBDialog: setFontTTF","typeName":"","palette":"16","type":" ","spec":"%m.MLBBDialog setFont %m.font .ttf"},{"code":"%1$s.setFont(Typeface.createFromAsset(getAssets(),\"fonts/%2$s.otf\"));","color":"#FF9C27B0","name":"mLBBDialog: setFontOTF","typeName":"","palette":"16","type":" ","spec":"%m.MLBBDialog setFont %m.font .otf"},{"code":"%1$s.setCancelable(%2$s);","color":"#FF9C27B0","name":"mLBBDialog: setCancelable","typeName":"","palette":"16","type":" ","spec":"%m.MLBBDialog setCancelable %b"},{"code":"%1$s.setNegativeListener(%2$s,new MLBBDialogClickListener() {\n\t\t@Override\n\t\tpublic void onClick(MLBBDialog %1$s) {\n           %1$s.dismiss();\n\t\t\t\t%3$s\n\t\t}\n});","color":"#FF4D6F9F","name":"mLBBDialog: negativeListener","typeName":"","palette":"16","type":"c","spec":"%m.MLBBDialog negativeListener %s"},{"code":"%1$s.setPositiveListener(%2$s,new MLBBDialogClickListener() {\n\t\t@Override\n\t\tpublic void onClick(MLBBDialog %1$s) {\n           %1$s.dismiss();\n\t\t\t\t%3$s\n\t\t}\n});","color":"#FF4D6F9F","name":"mLBBDialog: positiveListener","typeName":"","palette":"16","type":"c","spec":"%m.MLBBDialog positiveListener %s"}]